,grad_loss,value_loss,psnr,ssim,lr
0,13.700013160705566,0.029934849590063095,63.369032997956154,0.5352343133301966,0.01
950,13.615025520324707,0.06572238355875015,59.95367067475803,0.5140294830676062,0.01
50,13.700013160705566,0.028729218989610672,63.547565760769096,0.5504301128350114,0.01
