,grad_loss,value_loss,psnr,ssim,lr
0,6.512354373931885,0.02843586727976799,63.5921389835072,0.31948881245748756,0.01
950,6.717014789581299,0.17671740055084229,55.65801062297111,0.23979456040927616,0.01
50,6.512354373931885,0.02683310955762863,63.84409331986066,0.33096754697536346,0.01
