,grad_loss,value_loss,psnr,ssim,lr
0,403.77362060546875,0.651769757270813,49.98986190503707,0.04761124416190799,0.01
500,10.751215934753418,0.08159171044826508,59.01434297046311,0.6033944132559288,0.01
1000,8.27763843536377,0.08679856359958649,58.74567844885708,0.5753967110519417,0.01
