,grad_loss,value_loss,psnr,ssim,lr
0,491.6651916503906,0.3319908678531647,52.91954221568946,0.16073506833668436,0.01
500,9.645720481872559,0.27837151288986206,53.68455590647751,0.6502284828067922,0.01
1000,6.616121292114258,0.27427080273628235,53.74900793535592,0.6526149723871829,0.01
