,grad_loss,value_loss,psnr,ssim,lr
0,0.04576098173856735,1.8488741261535324e-05,95.46173040484588,0.9976969562085136,0.01
950,0.039752811193466187,0.2352323979139328,54.415832368800395,0.7816740633103028,0.01
50,0.04576098173856735,1.0015602128987666e-05,98.12403318846745,0.9982744763600139,0.01
