,grad_loss,value_loss,psnr,ssim,lr
0,7.492772102355957,0.046946704387664795,61.41475278993277,0.7466466036752905,0.01
950,7.614080429077148,0.04433712363243103,61.66312866532497,0.8184030948309938,0.01
50,7.492772102355957,0.044576119631528854,61.63978092399709,0.7573848898058568,0.01
