,grad_loss,value_loss,psnr,ssim,lr
0,10.345687866210938,0.10204406827688217,58.04292618898246,-0.2513340006444289,0.01
950,9.055922508239746,0.2852541208267212,53.578484320710245,-0.13914986909319463,0.01
50,10.345687866210938,0.09816490113735199,58.2112412316707,-0.2539468991389314,0.01
