,grad_loss,value_loss,psnr,ssim,lr
0,9.507621765136719,0.005535144824534655,70.69951384983057,0.8529707876650469,0.01
950,10.35116958618164,0.1837969422340393,55.4874205751709,0.6354584499978695,0.01
50,9.507621765136719,0.005133986473083496,71.02625657064716,0.8571862492990793,0.01
