,grad_loss,value_loss,psnr,ssim,lr
0,140.3903045654297,0.22262609004974365,54.655043153232796,0.17662124008643668,0.01
500,5.274213790893555,0.22773174941539764,54.55656765825395,0.7427813840971385,0.01
1000,5.696410179138184,0.2275903820991516,54.559264490555904,0.7412225159315686,0.01
