,grad_loss,value_loss,psnr,ssim,lr
0,732.130615234375,0.9323257207870483,48.435127118484274,-0.012023849799115995,0.01
500,14.028389930725098,0.10916343331336975,57.75003147282354,0.6090209647776943,0.01
1000,9.337332725524902,0.10838951170444489,57.78093088210079,0.6182724048178289,0.01
