,grad_loss,value_loss,psnr,ssim,lr
0,4.904931545257568,0.004480662290006876,71.61738142433299,0.879615118788597,0.01
950,4.93961238861084,0.12077973783016205,57.31086287782677,0.661271165671373,0.01
50,4.904931545257568,0.004290175158530474,71.80605363769442,0.8803597070397466,0.01
