,grad_loss,value_loss,psnr,ssim,lr
0,489.0623779296875,1.1137797832489014,47.66281027864032,-0.13517723586074953,0.01
500,15.187446594238281,0.1421205997467041,56.60423314524856,0.6053266599662471,0.01
1000,9.3403902053833,0.15516532957553864,56.22285667559453,0.5984082750974967,0.01
