,grad_loss,value_loss,psnr,ssim,lr
0,14.440035820007324,0.2716916799545288,53.790039941983004,-0.38398699089592697,0.01
950,14.515694618225098,0.6307119131088257,50.1324931331844,-0.35324980764221225,0.01
50,14.440035820007324,0.2655832767486572,53.88879667030775,-0.37788654350717227,0.01
