,grad_loss,value_loss,psnr,ssim,lr
0,14.579925537109375,0.012349497526884079,67.21431082061966,0.6991193776175633,0.01
950,15.709785461425781,0.17409516870975494,55.722936280666985,0.47846027697128024,0.01
50,14.579925537109375,0.011251632124185562,67.61864825750575,0.7100751587655795,0.01
