,grad_loss,value_loss,psnr,ssim,lr
0,18.339557647705078,0.08938655257225037,58.618081607409536,0.1572724868683134,0.01
950,18.93523406982422,0.27340543270111084,53.76273183896124,0.16865770980698966,0.01
50,18.339557647705078,0.08620323240756989,58.77556803863737,0.16943993197518845,0.01
