,grad_loss,value_loss,psnr,ssim,lr
0,24.689327239990234,0.2020196169614792,55.07686806916011,-0.1372253061871422,0.01
950,24.129047393798828,0.7129882574081421,49.59997960875941,-0.09349993702779014,0.01
50,24.689327239990234,0.1960139274597168,55.20793455054357,-0.13744633456391397,0.01
