,grad_loss,value_loss,psnr,ssim,lr
0,9.068268775939941,0.1627177596092224,56.0164539095712,-0.16466160185917514,0.01
950,8.714964866638184,0.526091456413269,50.92019073665466,-0.10011485819670465,0.01
50,9.068268775939941,0.15784358978271484,56.148534228221216,-0.16257780334817049,0.01
