,grad_loss,value_loss,psnr,ssim,lr
0,37.34406661987305,0.22615589201450348,54.58672444088539,-0.5555950745451407,0.01
950,38.18597412109375,0.5877940654754639,50.43855194539273,-0.40748087660617865,0.01
50,37.34406661987305,0.2202545702457428,54.701554580635545,-0.5531253838102483,0.01
