,grad_loss,value_loss,psnr,ssim,lr
0,90.96908569335938,1.5974801778793335,46.09644898917008,-0.2871622348971841,0.01
500,0.13033583760261536,0.21105530858039856,54.88684065290101,0.7586774775673765,0.01
1000,0.06379800289869308,0.21121746301651,54.88350523248915,0.7584756744958764,0.01
