,grad_loss,value_loss,psnr,ssim,lr
0,0.03552815318107605,4.4016305764671415e-06,101.6946679957216,0.9993301979077477,0.01
950,0.03561657667160034,0.22505688667297363,54.607880484670304,0.7735310819228884,0.01
50,0.03552815318107605,3.692643986141775e-06,102.45742932822495,0.9994859565885004,0.01
