,grad_loss,value_loss,psnr,ssim,lr
0,18.84453773498535,0.01810517907142639,65.55277549914435,0.7620980107122654,0.01
950,19.070398330688477,0.2565262019634247,54.039486321666246,0.511519597476875,0.01
50,18.84453773498535,0.016813194379210472,65.87430124032106,0.7677138651886274,0.01
