,grad_loss,value_loss,psnr,ssim,lr
0,6.064936637878418,0.037715159356594086,62.365644302560625,0.20090427272652545,0.01
950,6.100630760192871,0.1714383065700531,55.78972493075646,0.10537924650232267,0.01
50,6.064936637878418,0.03561066463589668,62.61500273381007,0.2117911477568732,0.01
